,San Andreas (Carrizo) rev,San Andreas (Cholame) rev,San Andreas (Mojave S),San Andreas (Coachella) rev,San Jacinto (Anza) rev,Garlock (West),San Andreas (Carrizo) rev output,San Andreas (Cholame) rev output,San Andreas (Mojave S) output,San Andreas (Coachella) rev output,San Jacinto (Anza) rev output,Garlock (West) output
0,7,8,5,3,3,2,0,1,0,0,0,1
1,6,5,5,3,3,0,1,1,1,0,0,0
2,6,6,6,3,2,1,0,0,1,1,0,0
3,6,6,5,3,4,3,0,0,1,0,0,0
4,7,7,4,3,2,2,1,0,1,1,0,0
5,6,9,4,3,3,2,1,0,1,0,0,0
6,6,6,5,4,3,1,1,1,1,0,0,0
7,5,5,5,3,3,2,1,1,0,0,0,0
8,5,5,5,4,2,1,1,1,1,0,1,0
9,5,5,5,4,2,2,1,1,1,0,0,0
10,6,5,5,3,2,2,0,1,0,1,1,1
11,7,7,5,3,2,2,0,0,1,0,0,0
12,9,6,5,3,2,2,0,0,1,0,1,0
13,6,6,6,4,2,1,0,0,0,0,0,1
14,8,6,6,4,3,1,0,1,0,1,0,0
15,6,5,5,3,2,3,1,1,1,1,0,0
16,6,6,8,3,3,1,0,0,0,1,0,0
17,6,6,6,3,2,2,0,0,0,0,0,0
18,5,5,5,3,3,3,1,1,1,0,0,0
19,9,7,5,4,3,3,1,0,0,0,1,0
20,7,6,5,3,2,1,1,1,1,1,0,1
21,5,5,5,3,3,1,1,1,1,0,0,0
22,6,6,5,4,2,1,0,0,1,0,1,0
23,6,6,5,4,2,1,0,0,0,1,0,0
24,6,6,5,4,3,1,1,0,1,0,0,0
25,8,6,5,3,2,1,1,1,1,1,0,0
26,5,5,4,3,3,0,1,1,1,0,0,1
27,5,5,5,4,2,1,0,0,0,0,0,0
28,7,6,5,3,3,2,1,1,1,0,0,0
29,5,5,4,4,3,2,1,1,1,0,0,0
30,6,6,5,5,2,1,0,0,0,0,0,1
31,6,6,5,5,3,1,1,1,1,0,0,1
32,10,7,5,4,2,2,0,1,0,0,0,0
33,7,6,5,3,3,1,1,1,0,0,0,0
34,7,7,6,3,2,1,0,0,0,1,1,0
35,7,6,5,3,2,1,1,0,1,0,0,0
36,6,7,5,3,3,1,0,0,0,1,0,1
37,7,6,8,3,2,2,0,0,1,0,1,0
38,6,6,5,3,2,2,1,1,1,1,0,0
39,5,6,4,4,3,2,1,1,1,0,0,0
40,8,6,4,3,2,2,1,1,1,1,0,0
41,7,6,5,3,3,2,1,0,0,1,0,0
42,9,5,6,3,3,1,1,1,1,0,0,0
43,7,5,5,3,3,3,1,1,1,1,0,0
44,5,5,5,3,2,1,1,1,1,0,0,0
45,5,5,5,4,3,1,0,0,0,1,0,0
46,6,6,5,3,2,2,0,0,1,0,0,0
47,6,6,5,4,3,2,0,0,0,0,0,0
48,6,6,7,3,2,3,0,0,0,0,1,0
49,6,6,6,4,2,1,0,0,0,0,0,1
50,7,6,5,3,3,1,1,0,1,1,0,0
51,6,5,5,3,2,0,1,1,0,0,0,0
52,6,6,5,3,3,2,0,0,1,0,0,0
53,6,6,4,4,3,1,0,0,1,0,0,1
54,7,6,5,3,2,2,1,1,1,0,1,0
55,5,5,5,3,2,2,0,0,0,1,0,0
56,6,6,6,3,4,1,0,0,0,0,1,0
57,6,6,5,3,2,3,1,1,1,1,0,0
58,5,5,5,3,3,1,0,0,0,0,0,0
59,6,6,6,3,2,1,0,0,0,0,1,0
60,6,6,5,4,2,1,0,0,0,0,0,0
61,6,6,6,4,3,2,1,1,0,0,0,0
62,6,6,5,3,2,2,0,0,1,1,1,1
63,6,6,5,3,2,1,1,1,1,0,1,0
64,5,5,5,3,2,2,0,0,0,1,0,0
65,6,6,6,3,2,2,1,1,0,0,1,0
66,6,5,5,5,2,2,1,1,1,0,0,0
67,6,5,5,3,3,2,0,1,0,0,0,1
68,6,6,5,3,2,2,0,1,0,1,0,0
69,6,5,6,3,2,2,1,1,0,0,1,0
70,5,5,5,3,3,1,1,1,1,0,0,0
71,5,5,5,4,2,2,1,1,0,0,0,0
72,7,7,5,3,3,2,1,1,1,0,0,0
73,5,5,4,5,3,1,1,1,1,0,0,1
74,6,6,5,4,3,1,1,0,0,0,0,0
75,9,6,5,3,3,2,0,0,1,1,0,0
76,6,6,5,3,2,2,0,0,0,0,1,0
77,6,6,5,4,2,1,1,1,0,0,0,0
78,5,5,7,3,3,1,1,1,0,0,0,0
79,6,6,6,3,3,2,0,0,0,1,1,0
80,6,6,5,3,2,2,1,1,0,0,0,0
81,6,5,5,3,3,2,1,1,1,0,0,0
82,5,5,5,4,3,2,1,1,1,0,0,0
83,6,6,5,4,2,1,0,0,1,0,0,1
84,6,6,5,3,3,1,0,0,0,1,0,0
85,9,8,5,3,3,0,1,0,0,0,0,1
86,7,7,5,3,3,1,1,1,1,0,1,1
87,5,5,5,3,2,0,1,1,0,1,0,0
88,6,5,6,3,2,2,1,1,0,0,1,0
89,6,6,5,3,2,2,1,1,1,1,0,0
90,7,4,5,3,2,1,0,1,0,0,1,0
91,7,5,5,3,2,2,1,1,1,1,0,0
92,5,5,5,2,3,2,1,1,0,1,0,0
93,6,6,5,3,2,1,0,0,1,0,1,0
94,6,6,5,4,2,3,1,1,0,0,0,0
95,5,5,5,3,3,2,1,1,1,0,0,0
96,5,6,5,3,3,1,1,1,0,0,1,0
97,5,5,5,4,2,2,1,1,0,0,0,0
98,5,7,5,3,3,1,1,1,1,1,0,0
99,6,6,5,3,2,1,0,0,0,0,0,0
100,7,7,6,3,3,3,0,1,0,1,0,0
101,7,6,5,3,2,3,1,1,0,0,0,0
102,5,5,5,3,3,1,1,1,1,1,0,0
103,5,5,5,3,3,2,1,1,0,0,0,0
104,5,5,5,3,3,2,1,1,1,0,0,0
105,6,6,5,3,3,2,0,0,1,1,0,0
106,6,6,5,3,2,3,0,0,0,1,1,0
107,7,7,5,3,2,2,0,0,1,0,0,0
108,7,6,5,3,4,1,1,1,1,1,0,0
109,5,5,4,3,3,2,1,1,1,1,0,0
110,5,5,5,3,2,2,0,0,0,0,0,1
111,6,6,6,3,4,1,0,0,0,1,0,0
112,6,6,5,3,3,3,0,0,1,0,0,0
113,6,6,5,3,3,1,1,1,1,1,0,0
114,6,6,6,3,2,1,0,0,0,0,0,0
115,7,7,7,3,3,2,1,1,1,1,0,0
116,5,5,5,3,2,2,1,1,1,0,1,1
117,7,6,5,3,2,1,0,0,0,0,0,0
118,6,6,5,4,3,2,0,0,0,0,0,0
119,6,6,6,3,2,1,1,1,0,0,1,0
120,6,5,5,4,2,1,1,1,1,0,0,1
121,6,7,5,3,3,1,0,0,0,1,0,0
122,8,7,5,2,3,2,1,0,1,1,0,0
123,6,6,5,3,4,1,0,0,0,0,0,0
124,7,6,5,4,3,1,1,1,1,0,0,0
125,7,6,5,3,2,3,0,0,0,0,1,0
126,6,6,5,4,3,2,0,0,1,0,0,1
127,6,6,5,3,3,1,0,0,0,0,0,0
128,6,6,6,3,3,1,0,0,0,0,1,0
129,5,5,8,4,2,2,1,1,1,0,0,0
130,8,6,5,3,2,2,0,0,0,0,1,0
131,7,6,6,4,2,2,0,0,0,0,0,0
132,6,6,5,3,3,1,0,0,0,1,0,1
133,6,6,5,3,3,1,0,0,1,1,0,1
134,6,6,5,3,4,1,0,0,0,0,1,1
135,6,6,5,3,2,2,1,1,1,1,0,0
136,5,5,5,3,2,2,1,1,1,0,1,0
137,5,5,5,3,2,1,1,1,0,0,0,0
138,6,6,5,4,3,1,1,0,1,0,0,0
139,7,6,5,3,3,2,0,0,0,0,0,0
140,6,8,5,4,2,2,0,0,1,0,0,0
141,7,6,5,3,3,1,1,0,1,1,0,0
142,5,6,5,3,2,2,0,0,0,0,0,0
143,6,6,5,4,3,2,0,0,1,0,0,0
144,6,6,5,3,2,2,1,1,0,1,0,0
145,5,5,5,3,3,2,1,1,1,0,0,0
146,5,5,5,3,3,2,0,0,0,0,0,0
147,6,6,5,4,2,2,1,1,1,0,0,1
148,7,6,4,4,2,1,0,0,1,0,1,0
149,6,6,7,3,3,3,0,0,0,0,0,0
150,6,6,6,4,3,1,0,0,0,0,1,0
151,6,6,5,3,2,2,1,0,1,1,0,0
152,5,6,5,3,2,2,0,0,0,0,1,0
153,6,6,6,4,5,2,1,1,0,0,0,0
154,6,5,5,3,3,2,1,1,1,1,0,0
155,5,5,5,3,3,2,1,1,0,0,0,0
156,5,6,5,3,2,2,1,0,1,0,0,0
157,6,6,5,4,3,1,0,0,0,0,0,1
158,6,6,5,3,2,2,0,0,0,0,1,0
159,7,6,6,4,2,1,0,0,0,0,1,0
160,8,7,5,3,3,1,0,0,1,0,1,1
161,6,6,5,4,2,1,1,0,0,0,0,0
162,8,7,5,3,3,1,0,0,1,0,0,0
163,6,6,5,3,3,2,0,0,1,1,0,0
164,6,6,6,3,2,2,1,1,1,0,0,0
165,7,6,6,4,3,2,1,1,0,0,1,0
166,7,5,5,3,2,2,1,1,1,1,0,0
167,9,5,4,3,2,2,1,1,1,0,1,0
168,6,6,5,3,2,3,0,0,1,0,0,0
169,6,6,4,4,3,1,1,1,1,0,0,0
170,6,7,5,5,2,2,0,0,0,0,1,0
171,6,6,5,3,2,2,1,1,0,1,0,0
172,6,7,6,3,2,1,0,0,1,0,0,1
173,6,6,5,3,3,1,0,0,0,1,0,1
174,6,6,5,3,2,1,0,0,1,0,0,0
175,6,6,5,3,2,1,0,0,0,1,1,0
176,7,6,6,3,3,1,1,1,0,0,0,1
177,7,6,5,4,3,1,1,1,1,0,0,0
178,6,8,4,3,2,2,0,0,1,1,1,0
179,7,6,5,3,2,1,1,1,0,0,1,1
180,6,6,6,3,2,1,0,0,0,1,0,0
181,8,10,5,3,3,1,1,1,1,0,0,0
182,6,6,5,3,3,1,0,0,0,1,0,0
183,6,6,5,3,2,1,0,0,1,0,0,0
184,6,6,5,3,3,2,0,0,1,0,0,1
185,6,7,5,4,2,2,1,1,0,0,1,0
186,6,5,6,3,2,2,1,1,0,1,0,0
187,6,6,5,3,2,2,0,0,0,0,1,0
188,8,6,5,4,2,2,0,0,1,0,0,0
189,6,6,5,4,2,3,0,0,0,0,1,0
190,7,7,5,4,3,2,1,1,0,0,0,1
191,6,6,5,3,3,1,0,0,1,1,0,0
192,8,6,5,3,3,2,0,0,0,0,0,0
193,6,6,5,3,3,1,1,1,0,1,0,0
194,7,5,5,3,3,2,1,1,1,0,0,0
195,5,5,5,3,2,3,1,1,0,1,1,0
196,5,5,5,3,2,1,0,0,0,0,0,0
197,9,7,5,4,3,2,0,0,1,0,0,0
198,7,6,5,3,3,2,0,0,0,1,0,0
199,6,6,6,3,3,2,0,0,0,0,0,0
200,6,10,6,3,3,2,0,1,0,1,0,0
201,7,9,5,3,2,1,1,1,1,0,1,0
202,5,5,5,3,2,2,1,1,1,1,0,0
203,6,6,4,3,3,2,0,0,1,0,0,0
204,7,6,5,4,2,2,1,1,0,0,0,0
205,5,5,6,4,3,2,1,1,0,0,0,0
206,7,6,6,3,2,2,0,0,0,0,1,1
207,6,6,5,4,2,1,1,1,0,0,0,0
208,9,5,5,3,3,2,0,0,1,0,0,0
209,6,6,4,4,2,3,0,0,1,0,1,0
210,6,8,5,3,2,1,0,0,1,1,0,0
211,6,6,5,3,2,3,0,0,0,0,1,0
212,6,6,5,4,2,1,1,1,1,0,0,1
213,6,5,5,3,3,1,1,1,1,0,0,0
214,5,5,5,4,2,1,1,1,0,0,1,0
215,6,6,6,3,2,2,0,0,0,1,0,0
216,6,6,6,3,3,1,0,0,0,1,0,0
217,6,6,5,3,4,1,1,1,1,0,0,0
218,5,5,5,5,3,2,1,1,1,1,0,0
219,5,5,5,4,3,1,1,1,1,0,0,0
220,5,5,5,4,2,3,1,1,0,0,1,0
221,5,5,5,4,2,3,1,1,1,0,0,0
222,6,6,5,3,2,1,1,1,0,1,1,0
223,6,5,5,3,2,2,1,1,0,0,0,0
224,5,8,5,6,4,1,1,1,1,0,1,0
225,7,7,5,3,2,2,0,0,1,1,0,0
226,6,6,5,3,2,3,0,0,0,0,1,0
227,5,5,7,3,2,1,1,1,1,0,0,0
228,5,5,5,4,2,3,1,1,1,0,1,0
229,6,6,5,3,2,2,0,0,1,1,0,0
230,8,6,5,3,3,2,1,0,0,0,0,0
231,5,6,5,3,2,1,1,1,1,1,0,0
232,6,6,5,3,3,1,0,0,0,0,0,0
233,6,6,5,3,2,2,1,1,1,1,1,0
234,6,6,5,3,3,1,0,0,0,0,0,0
235,7,6,5,3,2,1,0,0,1,1,1,0
236,6,6,5,3,3,2,0,0,0,0,0,0
237,6,6,6,3,2,2,0,0,0,1,1,0
238,6,6,5,3,2,1,1,0,1,0,0,1
239,6,6,5,3,2,1,1,1,1,1,1,0
240,6,5,4,3,2,2,0,1,1,0,0,0
241,7,5,4,3,3,1,1,1,1,1,0,0
242,8,6,5,3,2,1,0,1,1,0,0,0
243,6,7,5,4,2,2,0,0,0,0,1,0
244,7,8,5,3,2,2,1,1,1,1,0,0
245,5,5,5,3,3,2,1,1,0,0,0,0
246,7,6,5,3,2,2,1,1,1,0,1,0
247,6,6,5,4,2,2,0,0,0,0,0,0
248,5,5,5,3,3,1,1,1,1,0,1,1
249,6,6,4,4,2,2,0,0,1,0,0,0
250,6,6,5,4,3,2,0,0,1,0,0,0
251,6,6,5,3,3,2,1,1,0,1,0,0
252,5,5,5,3,3,1,0,0,0,0,0,1
253,9,7,5,4,2,2,0,0,1,0,1,0
254,6,6,4,3,2,2,0,0,1,0,0,0
255,6,6,5,3,3,2,0,0,0,1,0,0
256,6,6,5,3,2,1,1,1,1,0,0,0
257,10,6,5,4,3,1,0,0,0,0,0,0
258,6,6,6,4,3,2,0,0,0,0,0,0
259,6,6,6,3,2,1,0,0,0,0,1,1
260,5,5,5,4,2,2,1,1,1,0,0,0
261,6,6,7,3,2,1,0,0,0,1,1,0
262,5,5,8,4,2,1,1,1,0,0,0,1
263,5,5,5,3,3,1,1,1,1,0,0,0
264,5,5,5,4,2,2,1,1,1,0,0,0
265,5,5,5,4,3,2,1,1,0,0,0,0
266,6,6,5,3,2,2,1,1,0,0,0,0
267,5,5,5,3,3,2,1,1,1,1,0,0
268,5,6,5,3,2,1,1,1,0,0,0,0
269,6,7,5,3,3,1,0,0,0,1,0,0
270,6,6,6,3,2,1,0,0,0,0,1,0
271,6,6,5,3,2,2,1,1,0,1,1,0
272,6,6,5,3,2,2,0,0,1,0,0,1
273,6,8,5,3,3,2,1,1,1,0,0,0
274,8,6,4,4,2,2,0,0,1,0,0,0
275,7,9,5,3,3,1,0,0,0,0,0,0
276,6,6,5,3,2,1,0,0,0,0,0,1
277,6,6,6,3,3,1,0,0,0,1,0,0
278,6,6,5,3,2,3,1,0,1,0,1,0
279,8,6,5,3,3,2,1,1,0,0,0,1
280,6,6,5,4,3,1,0,0,1,0,0,1
281,7,7,5,3,3,1,1,1,0,0,0,0
282,6,6,5,4,2,2,0,0,0,0,0,0
283,10,6,5,3,3,2,0,0,1,1,0,0
284,6,6,7,3,3,1,0,0,0,0,0,0
285,6,6,6,4,2,2,0,0,0,0,0,0
286,6,6,5,3,3,2,1,1,0,1,0,0
287,7,6,5,3,3,2,1,1,0,0,0,0
288,10,6,5,3,3,1,0,0,1,0,0,1
289,7,7,5,4,2,2,1,1,0,0,0,0
290,6,8,6,3,4,2,1,1,0,0,0,0
291,9,5,5,4,2,2,1,1,1,0,0,1
292,5,5,5,3,3,1,1,1,0,1,1,0
293,5,5,5,3,2,1,1,1,1,0,0,0
294,5,5,5,3,2,1,1,1,1,0,1,0
295,5,5,5,4,3,1,1,1,1,0,0,0
296,6,6,5,3,3,1,0,0,1,1,1,0
297,6,6,4,3,2,1,0,0,1,0,0,0
298,8,6,5,3,2,3,1,1,0,0,1,0
299,6,8,5,4,2,1,1,1,1,0,0,1
300,6,5,4,3,2,1,1,1,1,1,1,0
301,5,5,5,3,2,3,1,1,1,0,1,0
302,5,7,5,4,2,2,1,1,0,0,0,0
303,6,6,6,3,3,3,0,0,0,0,0,0
304,6,6,5,3,2,2,0,0,1,1,0,0
305,6,6,5,3,3,2,0,0,0,0,0,0
306,7,6,5,3,2,1,1,1,1,1,0,1
307,5,5,5,3,3,1,1,1,1,0,0,0
308,6,6,5,4,3,1,0,1,0,0,1,0
309,8,7,5,3,2,1,1,1,1,0,0,0
310,5,5,5,4,3,2,0,0,0,0,0,0
311,6,9,5,3,3,2,1,1,1,1,0,0
312,6,7,4,3,3,3,0,0,1,0,0,0
313,7,6,5,4,3,2,1,1,0,0,1,0
314,6,9,5,3,2,2,0,1,0,1,0,0
315,9,6,5,2,3,3,1,0,1,1,0,0
316,9,6,5,3,2,1,1,0,0,0,0,1
317,6,6,6,4,3,1,0,0,0,0,0,0
318,6,6,5,3,2,3,1,1,1,0,1,0
319,10,5,5,4,2,1,0,1,0,0,0,1
320,9,5,6,3,2,1,1,1,0,0,1,0
321,6,5,5,4,2,2,1,1,1,0,0,0
322,6,6,5,3,3,1,0,0,1,0,0,0
323,6,6,4,3,3,2,1,1,1,1,0,0
324,5,5,5,3,2,1,1,1,0,0,0,0
325,6,7,5,3,3,1,0,0,1,0,0,1
326,6,6,6,3,3,1,1,1,1,1,0,1
327,5,5,6,3,2,1,1,1,0,0,0,0
328,6,5,5,3,3,2,1,1,1,1,0,0
329,6,5,4,3,2,2,1,1,1,0,0,0
330,6,6,5,3,3,1,0,0,1,1,0,0
331,7,7,4,3,2,3,0,1,1,0,0,0
332,6,5,5,4,3,2,1,1,0,0,0,0
333,6,5,5,3,2,2,1,1,1,0,1,0
334,6,6,4,4,2,1,1,1,1,0,0,0
335,7,5,5,4,2,2,1,0,1,0,1,1
336,5,6,5,3,2,1,0,1,0,0,0,1
337,6,6,6,4,2,1,0,0,0,0,1,1
338,7,6,5,3,2,1,1,1,1,1,0,1
339,8,6,5,3,3,1,0,0,0,0,0,0
340,6,6,5,3,2,2,1,1,1,1,0,0
341,5,5,5,3,3,2,0,0,0,0,0,0
342,6,6,6,3,3,1,0,0,0,1,0,0
343,7,6,6,3,2,1,1,0,0,1,1,0
344,6,6,6,3,2,2,0,0,0,0,0,0
345,6,6,5,3,3,2,1,1,1,1,0,1
346,5,5,5,3,2,1,1,1,1,1,1,0
347,6,6,5,3,2,1,0,0,0,0,0,1
348,5,5,5,3,2,1,1,1,1,1,1,0
349,7,6,5,3,3,1,0,0,0,0,1,0
350,6,6,5,3,2,2,1,1,1,1,0,0
351,5,5,5,3,2,3,0,0,0,0,1,0
352,6,6,5,3,2,1,0,0,1,1,0,1
353,6,6,5,4,2,2,1,1,0,0,1,0
354,5,5,5,3,2,2,1,1,1,1,1,0
355,5,5,5,3,3,2,1,1,0,0,1,0
356,6,6,6,3,2,2,0,0,0,1,0,0
357,6,6,5,3,2,2,0,0,1,0,1,0
358,6,6,5,4,2,3,0,0,0,0,0,0
359,6,6,7,3,3,2,1,1,0,0,0,0
360,6,6,5,4,2,0,0,0,0,0,1,1
361,6,6,5,4,2,1,0,0,1,0,0,0
362,7,6,5,4,3,1,1,1,1,0,0,0
363,5,5,7,4,2,1,1,1,1,0,1,0
364,5,5,4,3,2,1,1,1,1,0,0,0
365,7,6,5,4,3,2,0,0,0,0,0,0
366,8,7,5,3,2,1,1,1,1,1,1,0
367,7,7,5,3,2,2,1,0,1,1,0,0
368,8,6,5,3,3,2,1,0,0,0,0,1
369,8,8,5,3,2,1,0,0,1,1,0,0
370,9,6,5,3,3,2,1,1,1,0,0,0
371,6,6,5,3,3,2,0,0,0,0,1,0
372,7,6,6,4,3,0,0,1,0,0,0,1
373,8,6,5,3,3,0,0,0,0,0,0,0
374,8,7,5,4,2,2,0,0,1,0,0,0
375,6,6,5,3,3,1,0,0,1,1,0,0
376,7,6,4,3,2,2,0,0,1,1,0,0
377,6,6,4,4,3,2,1,1,1,0,0,0
378,5,5,4,3,2,1,1,1,1,0,0,1
379,5,5,5,3,3,1,1,1,0,1,1,1
380,6,6,5,4,2,1,1,0,0,0,0,0
381,7,6,5,3,3,2,0,0,1,0,0,0
382,6,6,5,3,3,2,1,0,1,1,1,0
383,10,6,5,3,3,2,1,0,1,0,0,0
384,6,6,5,3,2,3,0,0,0,1,1,0
385,6,6,6,4,2,1,0,0,0,0,0,0
386,6,6,5,3,2,2,1,1,0,0,1,0
387,5,5,5,4,2,2,1,1,1,0,1,0
388,6,5,4,3,2,0,1,1,1,0,0,0
389,8,5,5,4,3,1,1,1,0,0,0,0
390,5,5,6,3,3,2,1,1,0,0,0,0
391,6,8,6,3,3,2,0,0,0,1,0,0
392,6,6,5,3,3,1,1,0,1,0,0,0
393,7,6,5,4,2,2,1,1,0,1,1,0
394,7,6,6,3,5,2,1,0,0,0,0,0
395,6,6,6,4,3,1,0,0,0,1,0,0
396,6,6,5,3,2,1,0,0,0,0,0,0
397,7,6,6,3,3,1,1,1,1,1,0,0
398,5,5,5,3,3,2,0,0,0,0,1,0
399,6,6,6,3,4,1,0,0,0,1,0,0
400,7,6,5,3,2,2,1,1,0,0,0,0
401,6,6,5,3,3,1,0,0,1,1,0,0
402,6,6,5,3,2,2,1,1,0,0,1,0
403,5,5,5,3,2,1,1,1,1,1,0,1
404,5,5,5,3,2,1,1,1,0,0,1,0
405,6,6,5,3,2,2,0,0,1,1,0,0
406,9,6,5,3,4,1,1,1,0,0,0,1
407,7,7,6,3,2,1,0,0,0,1,0,0
408,6,6,5,3,3,0,1,1,1,1,0,1
409,5,5,5,3,3,1,0,0,0,0,0,0
410,9,6,6,3,2,2,1,1,0,1,0,0
411,5,5,5,3,3,2,1,1,1,0,0,0
412,6,6,5,3,2,2,0,0,0,1,1,0
413,6,6,6,3,2,1,0,0,0,1,0,0
414,6,6,6,3,3,1,0,0,0,0,0,0
415,6,6,5,3,3,1,0,0,0,1,0,0
416,6,6,6,3,3,1,0,0,0,0,0,1
417,6,6,6,4,2,2,0,0,0,0,0,0
418,6,6,5,4,3,1,1,1,1,0,0,1
419,6,6,5,3,3,1,0,0,0,1,0,0
420,6,6,5,3,2,2,1,1,1,0,0,1
421,5,5,5,3,3,2,0,0,0,0,0,0
422,6,6,6,4,3,2,0,0,0,0,0,0
423,6,6,5,3,2,2,0,0,0,0,1,0
424,6,9,6,3,2,3,1,0,1,1,0,0
425,8,6,6,3,3,2,0,0,0,0,1,0
426,6,6,6,3,3,2,0,0,0,1,0,0
427,6,6,5,3,3,2,0,0,1,0,0,1
428,6,6,5,4,2,2,0,0,0,0,1,0
429,9,6,5,3,2,2,1,1,1,1,0,0
430,6,6,5,3,3,1,0,0,0,0,0,0
431,5,5,5,3,2,2,1,1,1,1,1,0
432,6,6,5,3,2,1,0,0,0,0,0,0
433,7,6,5,3,4,3,0,0,1,1,0,1
434,6,6,4,3,2,2,1,1,1,0,0,0
435,8,6,5,4,3,2,0,0,0,0,0,0
436,7,6,6,3,2,1,0,0,0,1,0,0
437,6,6,5,3,3,3,1,1,1,0,0,0
438,5,5,4,3,2,1,1,1,1,1,0,1
439,5,5,5,3,3,2,1,1,0,1,0,0
440,6,6,5,3,2,2,0,0,1,0,1,0
441,6,6,7,3,2,2,1,1,1,0,0,1
442,5,5,5,3,3,0,1,1,1,1,0,1
443,5,5,5,3,3,1,1,1,1,0,0,0
444,5,5,5,4,2,1,1,1,0,0,0,0
445,5,5,5,3,4,1,1,1,1,0,0,0
446,5,5,5,4,2,1,1,1,1,0,0,0
447,5,5,5,3,4,1,1,1,1,0,0,0
448,5,5,5,3,2,1,1,1,0,1,1,0
449,5,5,5,3,2,1,0,0,0,0,0,0
450,6,6,6,4,3,2,0,0,0,0,0,0
451,6,6,5,3,2,2,1,0,1,1,0,0
452,8,6,5,3,3,1,1,0,0,0,0,0
453,9,7,5,4,2,1,1,1,1,0,0,1
454,6,5,5,3,3,1,0,1,1,1,0,0
455,7,5,5,3,3,2,1,1,0,0,0,0
456,8,5,5,3,2,3,1,1,1,1,0,0
457,5,5,5,3,3,1,1,1,1,1,0,0
458,7,6,5,3,2,3,0,0,0,0,0,0
459,6,6,6,4,3,1,1,1,1,0,0,0
460,5,5,5,3,2,2,1,1,0,0,0,0
461,6,9,6,4,3,1,0,1,0,0,0,0
462,6,9,5,3,4,2,1,1,1,1,0,0
463,5,5,5,4,4,1,1,1,0,0,0,0
464,6,5,5,3,2,2,1,1,1,1,1,1
465,5,5,4,3,2,2,1,1,1,0,0,0
466,6,6,5,3,3,2,0,0,0,0,0,0
467,7,6,5,3,2,1,1,1,1,1,0,0
468,5,5,5,3,3,1,1,1,0,0,0,0
469,5,5,5,3,2,2,1,1,1,1,0,0
470,5,5,5,3,3,2,1,1,1,1,0,0
471,6,6,5,3,3,2,0,0,0,0,0,0
472,6,6,5,3,3,2,0,0,1,0,0,0
473,8,6,5,4,2,3,1,1,0,0,0,0
474,5,5,5,3,3,1,1,1,0,1,0,1
475,5,5,6,2,3,1,1,1,0,1,0,0
476,5,5,5,3,2,2,1,1,0,0,1,0
477,5,5,5,4,2,1,1,1,1,0,0,1
478,6,6,5,3,3,1,0,0,1,0,0,1
479,6,6,5,4,2,2,1,1,0,0,0,0
480,5,5,5,3,3,1,1,1,1,0,0,0
481,5,5,5,4,2,1,1,1,0,0,0,0
482,6,8,6,3,3,1,0,0,0,1,0,0
483,6,6,5,3,3,2,0,0,1,0,0,0
484,7,6,5,3,2,2,1,1,0,1,1,0
485,5,5,5,3,2,1,1,1,0,0,0,1
486,5,5,5,3,3,2,1,1,1,1,0,0
487,5,5,5,3,3,2,1,1,1,1,0,0
488,6,5,5,3,2,3,1,1,0,1,0,0
489,5,5,5,3,3,2,1,1,1,0,0,0
490,6,6,5,4,3,2,0,0,0,0,0,0
491,8,5,6,3,3,2,1,1,0,0,0,0
492,8,6,9,3,2,0,0,0,0,1,1,1
493,6,6,6,3,2,1,0,0,0,0,0,0
494,6,6,5,4,3,2,0,0,1,0,0,0
495,11,6,5,3,4,1,1,1,1,0,0,0
496,5,5,4,3,3,3,1,1,1,1,0,0
497,5,5,5,3,2,2,1,1,1,0,1,1
498,5,5,5,4,2,2,1,1,0,0,0,0
499,7,7,5,4,2,2,1,0,1,0,1,0
500,5,6,5,3,3,2,0,1,0,1,0,0
501,7,7,6,3,3,3,0,0,0,1,0,0
502,7,6,6,3,2,1,1,1,0,0,1,0
503,5,5,5,4,2,2,1,1,1,0,1,0
504,5,5,4,4,2,2,1,1,1,0,0,0
505,7,6,5,3,4,2,0,0,1,0,0,0
506,7,6,5,3,2,2,0,0,1,0,1,0
507,7,6,4,4,2,1,1,1,1,0,0,1
508,6,6,5,3,3,0,0,0,0,0,1,1
509,9,5,5,3,3,2,1,1,0,1,0,0
510,6,6,5,3,2,2,1,1,1,1,1,0
511,5,5,5,3,3,2,1,1,1,0,0,0
512,5,5,4,3,3,2,1,1,1,1,0,0
513,7,5,5,4,2,1,1,1,0,0,0,0
514,5,5,5,3,3,3,1,1,1,0,0,0
515,5,5,5,3,2,3,1,1,0,0,1,0
516,9,5,5,4,2,1,1,1,1,0,0,0
517,8,6,4,3,3,2,1,0,1,1,1,0
518,6,6,5,3,2,1,0,0,0,0,0,0
519,6,6,6,3,2,1,0,0,0,1,1,0
520,7,7,5,3,3,2,1,1,1,0,0,0
521,5,5,5,3,2,1,1,1,0,1,1,0
522,6,7,5,3,3,3,0,0,1,0,0,0
523,7,6,5,3,2,1,1,0,0,1,0,0
524,6,7,5,3,3,1,1,1,1,0,0,0
525,5,5,5,3,2,2,0,0,0,1,0,1
526,7,6,6,3,3,1,0,0,0,0,0,0
527,6,6,5,3,2,1,1,1,1,0,0,0
528,5,5,5,4,3,2,1,1,1,0,0,0
529,5,5,5,3,2,1,1,1,0,0,1,0
530,5,6,5,3,2,3,1,1,1,1,0,0
531,6,5,5,4,3,1,1,1,1,0,0,0
532,5,5,5,3,4,3,1,1,1,0,0,0
533,9,7,5,4,3,2,0,0,1,0,0,0
534,6,6,5,3,3,2,1,1,0,1,0,0
535,7,8,6,3,3,0,0,1,0,0,0,1
536,8,5,7,4,2,1,1,1,1,0,1,0
537,9,5,5,3,2,3,1,1,0,1,1,0
538,7,5,5,3,2,3,1,1,1,0,0,0
539,6,6,5,4,3,2,0,0,0,0,0,0
540,6,6,5,3,3,2,1,1,1,0,0,0
541,6,6,5,3,3,1,0,0,0,1,1,0
542,6,6,6,3,2,2,0,0,0,0,1,0
543,6,6,5,4,2,2,1,1,1,0,0,0
544,7,6,5,3,2,2,0,0,0,0,1,0
545,6,6,5,4,2,1,0,0,1,0,0,0
546,6,6,5,3,3,2,0,0,0,0,0,0
547,6,6,7,4,2,1,1,1,0,0,0,0
548,7,6,5,3,4,3,0,0,1,1,1,1
549,7,6,5,3,3,1,0,0,1,1,1,1
550,10,6,5,3,2,1,1,1,0,0,0,0
551,7,7,5,4,2,3,1,1,0,0,1,0
552,9,5,5,3,2,1,1,1,1,0,0,1
553,6,6,5,5,2,1,0,0,0,0,1,0
554,6,6,5,3,2,2,1,1,1,1,1,0
555,6,5,4,3,2,2,1,1,1,0,0,0
556,5,5,5,3,3,2,1,1,0,0,0,0
557,7,6,6,4,3,2,0,1,0,0,0,0
558,5,5,5,3,2,2,1,1,1,1,0,0
559,6,6,5,3,3,2,1,1,0,0,0,0
560,5,5,5,3,3,1,1,1,1,0,0,0
561,7,5,5,3,2,1,1,0,0,1,0,0
562,5,6,5,3,3,1,0,0,1,0,1,0
563,7,6,5,3,2,2,0,0,0,1,1,0
564,6,6,5,3,2,2,0,0,0,0,0,0
565,7,6,5,3,3,2,0,0,1,1,0,0
566,6,6,5,3,4,2,1,1,0,0,0,0
567,6,6,5,4,3,2,0,0,0,0,0,0
568,6,7,5,3,2,2,1,1,1,0,0,1
569,9,6,5,4,3,1,1,1,0,0,0,0
570,7,10,5,3,2,2,0,1,1,1,0,0
571,10,9,5,4,4,2,0,1,0,0,0,0
572,10,5,6,3,3,1,0,0,0,1,0,0
573,7,6,7,3,3,2,0,1,0,1,0,0
574,6,6,5,4,2,2,0,0,0,0,1,0
575,8,7,5,3,2,2,1,0,1,1,0,0
576,9,7,5,3,3,2,0,0,0,0,0,0
577,8,9,7,3,2,2,1,0,1,1,1,0
578,8,6,5,3,2,2,0,0,0,1,0,0
579,6,6,5,3,3,2,0,0,0,0,0,0
580,6,6,6,3,3,1,0,0,0,0,0,0
581,6,6,5,4,3,2,0,0,0,0,0,0
582,6,6,5,3,2,2,1,1,1,0,1,0
583,6,7,5,3,2,1,1,1,0,1,0,1
584,6,6,5,3,3,1,1,0,1,0,0,0
585,7,6,4,3,2,1,1,1,1,1,0,0
586,6,6,5,3,3,2,1,1,1,0,0,0
587,5,5,4,3,2,2,1,1,1,0,1,0
588,5,5,5,4,3,1,1,1,0,0,0,0
589,6,6,6,3,3,3,0,0,0,1,0,0
590,6,6,5,3,4,2,0,0,1,0,0,0
591,7,6,5,4,2,2,1,1,0,0,0,0
592,8,5,5,4,3,2,1,1,1,0,0,1
593,7,7,5,3,3,2,0,0,0,1,0,1
594,7,6,5,3,2,1,1,1,0,0,1,1
595,5,5,5,3,2,1,1,1,1,1,0,1
596,6,6,5,3,2,2,0,0,1,0,1,0
597,6,6,9,3,2,2,0,0,1,1,0,0
598,7,6,5,3,3,0,1,1,0,0,0,1
599,5,5,7,3,2,0,1,1,0,1,1,1
600,7,6,5,4,2,1,0,0,1,0,0,1
601,7,6,4,3,2,1,1,1,1,1,1,1
602,6,5,5,3,2,2,1,1,0,0,1,0
603,5,5,5,4,2,1,1,1,1,0,0,0
604,5,5,5,4,2,2,1,1,1,0,1,0
605,6,6,5,3,3,1,0,0,0,0,0,0
606,6,6,5,4,2,1,0,0,1,0,1,0
607,6,6,5,4,2,1,1,1,1,0,0,0
608,7,6,5,3,2,2,0,0,0,0,1,1
609,5,5,5,6,2,1,1,1,0,0,1,0
610,5,5,5,3,2,1,1,1,1,0,1,0
611,5,5,5,4,2,2,1,1,1,0,1,0
612,5,5,5,3,2,2,1,1,0,0,0,0
613,5,5,5,3,3,2,0,0,0,1,0,0
614,6,6,5,3,2,1,1,1,1,0,1,1
615,7,6,4,5,2,1,0,0,1,1,0,1
616,8,7,5,3,3,1,0,0,0,0,0,0
617,7,6,5,3,2,2,1,1,1,1,1,0
618,7,5,7,3,2,2,0,1,0,0,0,0
619,7,6,5,4,3,2,1,1,1,0,0,0
620,5,5,5,3,3,2,1,1,1,1,0,0
621,9,7,5,3,3,1,1,1,1,0,0,0
622,5,6,4,3,3,2,1,1,1,0,0,0
623,6,6,5,3,3,2,0,0,0,0,0,0
624,8,5,5,4,3,0,1,1,1,0,0,1
625,6,5,4,3,3,1,1,1,1,0,0,0
626,5,5,4,4,2,2,1,1,1,0,1,0
627,5,5,5,3,2,3,1,1,1,0,0,0
628,7,6,5,4,3,2,0,0,0,0,0,0
629,6,6,6,3,2,1,1,1,0,1,0,1
630,6,6,5,3,3,1,0,0,0,0,0,0
631,6,6,6,4,2,3,1,1,1,0,1,0
632,5,5,5,3,2,2,1,1,0,1,0,0
633,5,5,7,3,3,1,1,1,0,0,0,1
634,6,6,5,3,2,1,0,0,1,0,0,1
635,6,6,4,3,3,1,0,0,1,1,0,0
636,6,6,5,3,2,2,0,0,0,0,1,0
637,6,6,5,4,2,1,0,0,0,0,0,1
638,7,6,6,3,3,2,0,0,0,0,0,0
639,6,6,6,3,2,2,0,0,0,1,1,0
640,6,6,5,3,2,3,1,1,1,1,0,0
641,8,10,5,3,3,2,0,0,0,0,0,1
642,5,5,5,4,2,1,1,1,1,0,1,0
643,7,7,6,4,2,3,1,0,0,0,0,0
644,7,8,5,3,2,1,1,0,0,1,0,0
645,6,6,6,4,3,2,0,0,1,0,0,0
646,8,6,5,3,3,2,1,1,0,1,0,0
647,6,7,5,3,2,1,1,1,1,0,0,0
648,5,5,5,3,3,1,1,1,1,1,0,1
649,6,6,4,3,2,1,0,0,1,0,1,1
650,6,6,5,4,2,1,1,1,0,0,0,1
651,5,5,7,4,3,1,1,1,1,0,0,0
652,5,5,5,3,2,2,1,1,1,0,1,0
653,6,6,5,3,2,2,0,0,0,1,0,0
654,6,6,6,3,2,1,0,0,0,0,1,0
655,6,6,5,4,2,2,0,0,1,0,0,0
656,6,6,5,3,3,1,0,0,0,0,0,0
657,6,6,5,4,2,1,0,0,0,0,0,0
658,6,6,6,3,3,1,0,0,0,0,0,0
659,6,6,4,3,2,1,1,1,1,1,1,0
660,9,7,5,3,2,2,1,1,0,0,0,1
661,7,5,6,3,2,1,1,1,0,1,1,0
662,7,6,5,3,2,2,0,1,0,0,0,0
663,9,9,5,4,3,1,1,0,1,0,0,0
664,9,6,5,3,2,1,0,0,0,0,1,0
665,5,5,5,3,3,2,1,1,1,1,0,0
666,5,5,5,3,2,3,1,1,0,1,0,0
667,6,6,5,3,3,1,0,0,1,0,0,1
668,6,6,5,4,2,1,1,1,0,0,0,0
669,5,5,5,3,3,2,1,1,1,0,0,0
670,5,5,5,4,2,2,1,1,0,0,0,0
671,6,6,5,3,3,2,0,0,1,1,0,0
672,6,6,5,3,2,2,1,1,1,0,1,0
673,5,5,4,3,2,2,1,1,1,0,0,0
674,6,9,5,4,3,2,1,1,0,0,0,0
675,5,5,5,3,2,1,1,1,0,1,1,0
676,8,5,5,3,3,1,1,1,1,0,0,0
677,5,5,4,4,2,2,0,0,1,0,1,0
678,6,6,5,4,2,2,0,0,1,1,0,1
679,6,6,4,3,3,0,0,0,1,0,0,1
680,7,7,5,4,2,0,1,1,1,0,0,1
681,5,5,5,3,3,1,1,1,0,1,0,0
682,6,6,5,3,2,2,0,0,1,0,1,0
683,6,6,5,3,2,1,0,0,0,1,0,1
684,6,6,5,3,3,1,1,1,1,0,0,0
685,6,7,6,3,2,1,0,1,0,1,1,1
686,8,6,5,3,2,1,1,1,1,0,1,0
687,7,5,5,3,3,1,0,0,1,0,0,0
688,6,6,5,3,2,2,1,1,1,1,0,0
689,6,5,5,3,2,2,0,0,0,0,1,0
690,6,6,6,4,2,1,0,0,0,0,0,0
691,6,7,7,4,2,1,1,1,1,0,1,0
692,6,6,5,3,2,1,1,1,0,1,0,0
693,7,5,5,3,2,2,0,0,1,1,1,0
694,6,6,5,3,2,2,0,0,0,0,0,0
695,6,6,5,3,3,2,0,0,1,1,1,0
696,6,6,4,3,2,1,1,1,1,0,0,1
697,5,5,5,3,2,1,1,1,0,0,1,0
698,5,5,6,3,2,1,1,1,0,1,0,1
699,7,6,5,3,3,2,0,0,1,0,0,0
700,6,6,4,3,3,1,0,0,1,1,0,1
701,5,5,5,4,2,2,1,1,1,0,1,0
702,6,6,5,3,2,1,0,0,1,0,0,0
703,6,6,5,3,3,1,0,0,0,1,0,1
704,6,6,5,3,2,2,1,1,1,1,0,0
705,5,5,5,3,3,3,1,1,0,0,0,0
706,6,5,6,3,2,2,1,1,0,0,0,0
707,8,5,5,4,3,1,1,1,1,0,0,0
708,5,5,5,3,2,3,1,1,0,0,1,0
709,7,6,5,4,2,1,0,0,1,0,0,0
710,6,6,4,3,3,1,1,1,1,1,0,0
711,5,5,5,3,3,1,1,1,0,0,0,0
712,5,5,5,3,2,3,1,1,0,0,0,0
713,5,5,5,4,3,2,1,1,1,0,0,0
714,6,6,5,5,3,1,0,0,0,0,1,0
715,6,6,6,3,3,1,0,0,0,0,0,0
716,6,6,5,3,3,2,0,0,1,1,0,0
717,6,6,5,3,3,2,0,0,1,0,0,1
718,7,6,5,4,2,1,1,1,1,0,1,1
719,5,5,4,3,2,2,1,1,1,0,1,0
720,5,5,6,3,2,1,1,1,0,0,1,0
721,5,5,6,3,2,1,1,1,0,1,0,0
722,5,5,5,3,3,2,1,1,1,0,0,0
723,7,6,5,3,2,2,1,1,1,1,0,0
724,5,5,6,3,3,1,1,1,1,0,1,0
725,5,5,5,3,2,2,1,1,0,1,0,0
726,5,5,5,3,3,3,1,1,1,0,0,0
727,7,6,5,3,2,2,1,1,0,0,1,0
728,7,7,5,4,2,1,0,0,1,0,0,1
729,6,7,5,3,3,1,1,1,0,0,0,0
730,7,5,5,4,2,2,1,1,1,1,0,0
731,7,5,7,3,3,2,0,0,1,0,0,0
732,6,6,5,4,2,1,1,1,1,0,1,0
733,5,5,5,3,2,1,1,1,1,1,0,1
734,5,5,5,3,3,1,0,0,0,0,0,0
735,6,6,5,4,4,0,1,1,1,1,0,1
736,6,6,5,3,2,1,1,0,1,0,0,1
737,8,8,5,3,2,1,0,0,0,0,1,0
738,6,6,5,4,2,2,0,0,1,0,0,0
739,8,7,5,3,2,1,0,0,1,1,1,1
740,6,10,6,3,2,1,1,1,1,1,1,0
741,7,6,5,3,3,2,1,1,0,0,0,0
742,10,5,6,3,2,2,1,1,0,0,0,0
743,7,8,5,5,3,2,1,0,1,0,1,1
744,9,6,5,3,2,1,1,1,0,0,0,0
745,9,7,6,3,2,1,0,0,0,1,0,0
746,6,6,5,3,3,2,0,0,1,1,1,0
747,6,6,5,3,3,1,0,0,0,0,0,1
748,6,6,5,4,2,1,0,0,1,0,1,1
749,11,6,5,4,2,1,1,0,1,0,0,0
750,5,8,4,4,3,1,1,1,1,0,0,0
751,6,7,5,4,2,2,1,1,0,0,1,0
752,7,6,5,4,2,2,1,1,1,0,0,0
753,10,5,5,4,2,2,1,1,0,0,1,1
754,6,5,5,3,2,2,1,1,0,0,0,0
755,7,6,5,4,3,1,0,0,1,0,0,0
756,6,6,6,3,3,1,0,0,1,1,0,0
757,8,6,5,3,3,1,0,0,1,0,0,0
758,8,6,5,3,2,2,1,0,0,0,1,0
759,6,6,5,4,2,1,0,0,0,0,0,1
760,5,5,5,3,2,1,1,1,1,0,1,0
761,5,5,5,3,2,2,1,1,1,0,0,0
762,6,6,5,3,3,2,0,0,1,1,0,0
763,6,6,4,3,2,2,1,0,1,0,1,0
764,6,6,5,4,2,2,0,0,1,0,0,0
765,6,6,5,3,3,3,1,1,1,0,0,0
766,6,5,4,4,2,1,1,1,1,0,0,0
767,7,7,5,3,3,2,1,1,0,1,0,0
768,7,5,5,3,4,2,1,1,1,0,1,0
769,6,6,5,4,2,1,1,1,0,0,0,0
770,5,5,6,3,3,2,1,1,0,1,0,0
771,6,6,5,3,3,2,0,0,1,0,0,0
772,7,6,4,3,2,2,1,0,1,0,1,1
773,7,8,5,4,2,1,1,1,1,0,0,0
774,5,9,4,4,2,3,0,1,1,0,1,0
775,6,6,5,4,2,1,1,1,1,0,0,0
776,5,5,5,3,3,2,0,0,0,0,0,0
777,6,6,6,3,2,2,0,0,0,1,0,0
778,6,6,6,3,3,1,0,0,0,0,0,1
779,5,5,5,3,2,1,1,1,1,1,1,0
780,6,5,5,3,2,2,1,1,0,0,0,0
781,6,6,5,4,2,2,0,0,1,0,1,0
782,7,5,5,4,2,2,1,1,0,0,0,0
783,7,7,5,3,3,1,1,1,0,1,0,0
784,5,5,5,3,3,2,1,1,1,1,0,0
785,5,5,5,3,2,1,1,1,0,0,1,0
786,5,5,5,4,2,2,1,1,1,0,0,0
787,6,5,4,3,2,1,1,1,1,0,1,0
788,5,6,5,3,3,1,1,1,1,1,0,0
789,6,6,5,3,2,2,0,0,0,0,1,0
790,6,6,5,3,2,1,1,1,1,0,0,0
791,5,5,5,4,2,2,1,1,1,0,1,0
792,6,5,5,3,2,3,1,1,0,1,0,0
793,9,5,5,3,3,1,1,1,1,0,0,0
794,7,5,5,3,2,1,1,1,0,0,1,0
795,6,6,5,4,2,1,1,0,1,0,0,0
796,6,6,5,3,2,1,0,0,1,0,1,1
797,7,6,6,4,2,2,0,0,0,0,1,0
798,6,6,6,3,4,2,1,1,0,0,0,0
799,5,5,5,3,4,1,1,1,1,1,0,1
800,5,8,5,3,2,1,1,1,1,0,0,0
801,7,5,5,3,3,3,0,1,0,1,0,0
802,8,5,5,3,2,1,1,1,1,0,1,1
803,5,5,5,3,2,1,1,1,0,1,1,0
804,6,6,5,3,2,1,0,0,1,0,0,0
805,6,6,5,4,2,2,1,1,1,0,1,1
806,6,6,5,3,2,1,0,0,1,1,0,0
807,6,6,5,3,2,1,0,0,0,0,0,1
808,6,6,5,3,3,2,1,1,1,1,0,0
809,5,7,5,3,2,2,0,0,0,0,1,0
810,6,6,6,4,2,1,0,0,0,0,1,0
811,7,6,5,3,3,2,0,0,1,1,0,0
812,6,6,5,3,2,2,1,1,1,0,1,0
813,8,6,5,3,2,2,1,0,0,0,1,0
814,7,6,5,4,3,2,0,0,1,0,0,0
815,5,5,5,3,3,2,1,1,0,1,0,0
816,5,5,6,3,4,1,1,1,1,0,0,0
817,5,5,5,3,2,2,1,1,1,0,0,0
818,5,5,5,4,3,1,1,1,1,0,0,1
819,5,5,5,4,2,2,1,1,0,0,0,0
820,6,6,5,3,3,1,0,0,1,0,0,0
821,7,6,4,4,2,2,1,1,1,0,1,0
822,5,5,5,3,3,1,1,1,0,0,0,0
823,7,5,5,3,4,1,0,0,1,1,0,0
824,6,6,5,3,4,2,1,1,0,0,0,0
825,5,5,5,4,2,1,1,1,0,0,1,1
826,6,6,5,3,3,1,1,1,1,1,0,0
827,5,5,5,3,2,1,1,1,0,0,0,0
828,6,6,5,3,4,1,0,0,0,0,0,0
829,10,5,6,3,2,3,0,1,0,1,1,0
830,7,6,6,3,4,1,0,0,0,0,0,0
831,6,6,6,4,2,2,0,0,0,1,1,0
832,6,6,5,3,2,2,1,0,0,0,0,0
833,8,6,5,3,3,2,1,1,1,1,0,0
834,5,5,5,3,3,0,1,1,0,1,0,1
835,6,5,5,3,3,1,1,0,1,0,0,0
836,7,8,5,3,2,1,1,1,1,1,1,1
837,6,8,4,3,2,2,1,1,1,0,0,0
838,6,8,5,3,2,1,0,0,0,1,1,0
839,7,6,5,3,2,1,1,1,1,0,0,1
840,8,5,5,3,3,1,0,0,0,1,0,0
841,6,7,5,3,2,2,1,1,1,0,0,0
842,5,5,5,3,3,2,1,1,1,1,0,0
843,6,6,5,3,3,3,0,0,0,0,0,0
844,7,6,5,3,3,1,1,1,1,0,0,0
845,5,5,5,4,3,2,1,1,0,0,0,0
846,10,6,6,3,3,3,1,0,0,1,0,0
847,6,6,5,3,2,1,0,0,0,0,0,0
848,6,6,6,4,3,3,0,0,0,0,0,0
849,7,6,5,3,3,1,1,1,1,0,0,0
850,6,6,5,4,2,2,0,0,1,0,0,0
851,8,6,5,3,3,2,1,0,0,1,0,0
852,5,5,5,4,2,1,1,1,1,0,1,0
853,5,5,5,3,2,2,1,1,0,1,1,0
854,5,5,5,3,2,2,1,1,1,0,0,0
855,5,5,5,3,3,2,1,1,1,1,0,0
856,7,6,5,3,3,2,1,1,0,0,0,0
857,6,6,5,3,2,2,1,1,1,1,0,1
858,5,5,4,3,3,1,1,1,1,0,0,0
859,5,5,5,3,2,2,1,1,1,0,1,0
860,6,6,5,4,2,1,1,1,1,0,0,1
861,6,8,5,3,2,1,0,0,1,1,1,0
862,6,6,5,3,2,1,1,1,0,0,0,0
863,5,5,5,3,2,2,1,1,1,1,1,0
864,6,6,5,3,2,1,0,0,0,0,0,1
865,8,6,5,3,3,2,0,0,1,1,0,1
866,6,6,5,3,3,1,0,0,0,0,1,0
867,6,6,5,4,2,3,0,0,1,0,0,0
868,6,6,5,3,2,1,1,1,1,0,1,1
869,7,7,4,4,2,2,1,1,1,0,0,0
870,6,9,5,3,3,2,1,0,1,1,0,0
871,9,5,5,3,3,2,0,1,0,0,0,0
872,6,6,5,4,3,1,1,1,0,0,0,0
873,5,5,5,3,3,2,1,1,1,0,0,0
874,6,7,5,3,3,2,0,0,0,1,0,0
875,6,6,5,3,3,2,0,0,1,0,0,0
876,6,6,5,3,2,2,0,0,0,0,1,0
877,6,6,6,3,2,2,0,0,0,1,1,0
878,6,6,5,3,2,1,1,0,1,0,0,0
879,6,7,5,3,3,2,1,1,0,1,0,0
880,6,7,6,3,3,2,0,1,0,0,0,0
881,7,6,5,3,2,2,0,0,0,0,1,0
882,6,6,5,3,2,1,0,0,0,1,0,1
883,6,6,5,3,3,1,0,0,0,0,0,0
884,6,6,5,3,2,2,1,1,1,1,0,0
885,8,5,5,3,3,2,1,0,1,0,0,0
886,5,10,4,4,2,2,1,0,1,0,1,0
887,6,6,4,3,3,1,1,1,1,0,1,0
888,6,5,5,3,3,3,1,1,0,1,0,0
889,6,6,6,3,3,1,0,0,0,0,0,1
890,6,6,5,3,3,2,0,0,1,1,0,0
891,6,6,4,3,2,2,0,0,1,0,0,1
892,7,6,5,3,3,2,0,0,0,1,0,0
893,9,7,6,3,3,3,0,0,0,0,0,0
894,6,6,5,3,3,1,1,1,1,1,0,0
895,6,5,4,3,2,1,1,1,1,1,0,0
896,6,6,5,3,3,3,0,0,1,0,0,0
897,6,6,4,3,3,1,1,1,1,1,0,1
898,5,5,5,3,2,1,1,1,1,0,1,0
899,5,5,5,3,2,1,1,1,1,1,0,0
900,6,7,5,3,3,3,0,0,0,0,0,0
901,6,6,5,4,3,2,0,0,1,0,0,1
902,6,6,5,3,3,2,0,0,0,1,0,0
903,6,6,5,3,2,2,0,0,1,0,1,0
904,6,6,5,3,3,2,1,1,0,1,0,1
